datetime,forecast_units,lower_bound,upper_bound,store_id,product_id
2025-08-31 23:00:00,2.1611511945531046,1.1657043378161431,3.2459053159460587,14,159
2025-09-01 00:00:00,2.225456779329204,1.0244712908570364,3.162621694910122,14,159
2025-09-01 01:00:00,2.3107228997911102,1.2903869346363628,3.3828893211738094,14,159
2025-09-01 02:00:00,2.305647147162224,1.2732987592642468,3.3120249158561905,14,159
2025-09-01 03:00:00,2.177023815863922,1.1563050251791742,3.242059705334839,14,159
2025-09-01 04:00:00,2.000590593188528,0.8962073817735753,3.1682115245621816,14,159
2025-09-01 05:00:00,1.8887534685150102,0.8400348271179443,2.9765796832539446,14,159
2025-09-01 06:00:00,1.890638309395033,0.821887222877585,2.963336469459917,14,159
2025-09-01 07:00:00,1.9615153748361938,0.9132684141687915,3.007999076733877,14,159
2025-09-01 08:00:00,2.0239003727343934,1.0020229604667583,3.041807280344785,14,159
2025-09-01 09:00:00,2.049921941511493,0.9523483807540797,3.1195488175889445,14,159
2025-09-01 10:00:00,2.0777876871174095,1.012288138956726,3.1814882165379723,14,159
2025-09-01 11:00:00,2.1490646470553583,1.080075778239567,3.172117735372584,14,159
2025-09-01 12:00:00,2.2398369668008167,1.2720119915642576,3.243031324546716,14,159
2025-09-01 13:00:00,2.2671658329620477,1.193854731705408,3.279629124152364,14,159
2025-09-01 14:00:00,2.1727648512995343,1.1399896085520942,3.3187040473854266,14,159
2025-09-01 15:00:00,1.9999321138290915,1.01075825343596,3.0179408560009446,14,159
2025-09-01 16:00:00,1.8779065241664528,0.9105833283901014,2.9156171418135526,14,159
2025-09-01 17:00:00,1.91631671092764,0.8799633002316282,3.0728933482861986,14,159
2025-09-01 18:00:00,2.1047954280641803,1.1232123591772765,3.1785571709058758,14,159
2025-09-01 19:00:00,2.315202740435914,1.3649952912638215,3.372882872943314,14,159
2025-09-01 20:00:00,2.4096890315374058,1.392396639391176,3.5081276167046274,14,159
2025-09-01 21:00:00,2.3568084220950527,1.4257522229164619,3.3246886960664526,14,159
2025-09-01 22:00:00,2.2488582447550693,1.1331218375682983,3.2704908962809514,14,159
2025-09-01 23:00:00,2.2067336619087903,1.0959930066422452,3.2101082538164416,14,159
2025-09-02 00:00:00,2.264407334069094,1.2131750931577772,3.335359200971222,14,159
2025-09-02 01:00:00,2.341819067534595,1.3174855794220899,3.3824683841879932,14,159
2025-09-02 02:00:00,2.3277330740790227,1.3018083620500673,3.3248968245287664,14,159
2025-09-02 03:00:00,2.1890270170490562,1.136902791539013,3.2157823512020407,14,159
2025-09-02 04:00:00,2.0015378858991513,0.9617352887833097,3.0127869046798437,14,159
2025-09-02 05:00:00,1.8777858789303041,0.8037460416633849,2.8631770182827387,14,159
2025-09-02 06:00:00,1.8670247533946838,0.8513335026503119,2.90177556396752,14,159
2025-09-02 07:00:00,1.924664927031387,0.89527529879493,2.9831847391542867,14,159
2025-09-02 08:00:00,1.9733729549978194,0.9690706277121176,3.0164232299272666,14,159
2025-09-02 09:00:00,1.9854372805643798,0.8766268885938334,3.078688672211652,14,159
2025-09-02 10:00:00,1.9992324118236777,0.9175066120381173,2.9756096299069754,14,159
2025-09-02 11:00:00,2.0564974182693136,1.0170557964424978,3.0840715385357242,14,159
2025-09-02 12:00:00,2.1334915566338677,1.1544593452607688,3.1408729367565016,14,159
2025-09-02 13:00:00,2.147452095321377,1.117166662080766,3.1898348256043425,14,159
2025-09-02 14:00:00,2.0402675514328847,1.0024316568874048,3.1248050668525225,14,159
2025-09-02 15:00:00,1.8554076110483497,0.846713040688022,2.9374695163450553,14,159
2025-09-02 16:00:00,1.722277328377936,0.6643670072469091,2.705183368224813,14,159
2025-09-02 17:00:00,1.7506639601683651,0.6456944153318026,2.735761631755113,14,159
2025-09-02 18:00:00,1.930349360101512,0.7787220379449491,2.9158461534843902,14,159
2025-09-02 19:00:00,2.1333312567237623,1.0846862082962039,3.244324200759389,14,159
2025-09-02 20:00:00,2.2218844757261813,1.1866628683013136,3.25729597643663,14,159
2025-09-02 21:00:00,2.164672718098262,1.1440947544229034,3.1994930291406396,14,159
2025-09-02 22:00:00,2.054086560120319,1.0048413924364041,3.0664463818670042,14,159
2025-09-02 23:00:00,2.011096781284517,1.016641693718402,3.0431913937298574,14,159
2025-09-03 00:00:00,2.0697329442708856,1.0431246580356026,3.092986295620143,14,159
2025-09-03 01:00:00,2.1499721700275662,1.0112415443689717,3.151707255175907,14,159
2025-09-03 02:00:00,2.1405957524379025,1.0554735506273876,3.212411812591099,14,159
2025-09-03 03:00:00,2.0084777957993905,1.0072243996151005,3.1022666538333277,14,159
2025-09-03 04:00:00,1.8294309233890336,0.7793718041539657,2.8922519423867072,14,159
2025-09-03 05:00:00,1.715930239937885,0.6639362083405619,2.7453072180288762,14,159
2025-09-03 06:00:00,1.7171640071481022,0.6320925948785713,2.768304587384524,14,159
2025-09-03 07:00:00,1.78845731376699,0.791537471708702,2.799592698892443,14,159
2025-09-03 08:00:00,1.8523723579749856,0.7888392711458718,2.8569458934809413,14,159
2025-09-03 09:00:00,1.8810752319328934,0.8210573993941405,2.9388082260923007,14,159
2025-09-03 10:00:00,1.912801349027926,0.8880682724721527,3.022414664166719,14,159
2025-09-03 11:00:00,1.9891353934640712,0.9209115999912225,3.0100623572285037,14,159
2025-09-03 12:00:00,2.0861685848205473,1.074366989561291,3.138784706827512,14,159
2025-09-03 13:00:00,2.1209583079348944,1.0744642083155764,3.199464648052377,14,159
2025-09-03 14:00:00,2.035203300832712,0.9253705148040386,3.049305761784669,14,159
2025-09-03 15:00:00,1.8721756486615226,0.8752026948525768,2.9512852349722527,14,159
2025-09-03 16:00:00,1.7610771546186978,0.7857910582243526,2.9142708985897294,14,159
2025-09-03 17:00:00,1.811488418604522,0.7761819854687126,2.9231148793330974,14,159
2025-09-03 18:00:00,2.0129835218486836,1.0679156401781746,2.99096403710224,14,159
2025-09-03 19:00:00,2.237353613685829,1.0748886536721656,3.256075858644336,14,159
2025-09-03 20:00:00,2.34667043398876,1.3006524151593866,3.371590843327987,14,159
2025-09-03 21:00:00,2.309400355343036,1.2935752720050373,3.32902307821056,14,159
2025-09-03 22:00:00,2.2177445839290524,1.2140376690433654,3.2405666420021007,14,159
2025-09-03 23:00:00,2.1924945991309284,1.1458959474775066,3.1812483112299037,14,159
2025-09-04 00:00:00,2.267512730655882,1.2501194877736266,3.357569184395382,14,159
2025-09-04 01:00:00,2.3626227925988013,1.2651664602389936,3.4367528309054287,14,159
2025-09-04 02:00:00,2.3664683967437146,1.2475261485099491,3.3845007706391064,14,159
2025-09-04 03:00:00,2.245803108209768,1.1315363862471381,3.280638563468949,14,159
2025-09-04 04:00:00,2.0763374736127203,1.0391824414436872,3.171961782831529,14,159
2025-09-04 05:00:00,1.9704640891687815,0.8298035107365751,2.971987920184866,14,159
2025-09-04 06:00:00,1.977309154740276,0.9422610110416811,3.051578512461271,14,159
2025-09-04 07:00:00,2.0521567851394606,0.9703119793299346,3.085254992351084,14,159
2025-09-04 08:00:00,2.1175496891310366,1.055503899196108,3.2230547975410118,14,159
2025-09-04 09:00:00,2.1456561015600295,1.0828420446996687,3.104245064004957,14,159
2025-09-04 10:00:00,2.174735107758835,1.0871106563353066,3.2410033496203234,14,159
2025-09-04 11:00:00,2.2464162415440514,1.1683460744419554,3.235450943122144,14,159
2025-09-04 12:00:00,2.336856154195473,1.2918178551507777,3.4026611089764636,14,159
2025-09-04 13:00:00,2.3631974121706074,1.3440442815221811,3.3257575816685563,14,159
2025-09-04 14:00:00,2.2672426270460817,1.157822003654605,3.324005283757636,14,159
2025-09-04 15:00:00,2.0923851785398417,1.1197946030403945,3.1964960840045626,14,159
2025-09-04 16:00:00,1.9679641176214258,0.9202937887252671,2.995362269243038,14,159
2025-09-04 17:00:00,2.003711598387589,0.9520533041731007,3.0543288244139415,14,159
2025-09-04 18:00:00,2.1893657571973737,1.1590791046746642,3.2298071384987757,14,159
2025-09-04 19:00:00,2.396892357502497,1.3601788545728601,3.4169498161369467,14,159
2025-09-04 20:00:00,2.488546257460597,1.4421621375234945,3.498034154122985,14,159
2025-09-04 21:00:00,2.432983309545718,1.3010968206631166,3.4028835320960447,14,159
2025-09-04 22:00:00,2.3225983572001714,1.2705714247931381,3.382276490933681,14,159
2025-09-04 23:00:00,2.2783784351694285,1.1770144752865312,3.281824666270451,14,159
2025-09-05 00:00:00,2.334381099468595,1.319400816393812,3.2996171661731384,14,159
2025-09-05 01:00:00,2.41062283344524,1.393912267638658,3.491343002703129,14,159
2025-09-05 02:00:00,2.395935179089224,1.3817221459446587,3.4315804210321232,14,159
2025-09-05 03:00:00,2.257252782664046,1.2153207975663747,3.285819429793444,14,159
2025-09-05 04:00:00,2.070458410182052,0.9757824495376596,3.039119833779126,14,159
2025-09-05 05:00:00,1.948106123803226,0.8775394492602836,3.032485231141593,14,159
2025-09-05 06:00:00,1.9394710876268009,0.9184849132221613,3.0041762636932945,14,159
2025-09-05 07:00:00,1.9999722945627385,0.8527572769670717,2.969050860511433,14,159
2025-09-05 08:00:00,2.052271843093926,0.941899600121064,3.1011310674922856,14,159
2025-09-05 09:00:00,2.0686406654223974,1.0179607510429938,3.0188616871891476,14,159
2025-09-05 10:00:00,2.08742285965501,1.0538172948842832,3.121472843452911,14,159
2025-09-05 11:00:00,2.150314518291305,1.1121257542108858,3.1860702385571806,14,159
2025-09-05 12:00:00,2.2335198583240805,1.2364769796653279,3.3053902375632207,14,159
2025-09-05 13:00:00,2.2542097161030394,1.1678032580381228,3.390273949214423,14,159
2025-09-05 14:00:00,2.154195612491429,1.125817850248574,3.1703616375697887,14,159
2025-09-05 15:00:00,1.9768606485559825,0.9459233567271061,3.045680272559779,14,159
2025-09-05 16:00:00,1.851514815079093,0.7759964844432211,2.8485592984437775,14,159
2025-09-05 17:00:00,1.887843058038336,0.8330883150255901,2.8967481005644142,14,159
2025-09-05 18:00:00,2.075519009117202,1.1356992144706586,3.0910238721220975,14,159
2025-09-05 19:00:00,2.2864276876983416,1.26897627879552,3.4497279821844287,14,159
2025-09-05 20:00:00,2.3827282168181254,1.3527440345773123,3.5129964910872835,14,159
2025-09-05 21:00:00,2.3329671454179293,1.2694499541307878,3.354706218134413,14,159
2025-09-05 22:00:00,2.2294180229271396,1.1965377135612545,3.2889093467126136,14,159
2025-09-05 23:00:00,2.192936311933797,1.1579759765048236,3.204134192419031,14,159
2025-09-06 00:00:00,2.2574395425188545,1.2701598541775916,3.28273377184491,14,159
2025-09-06 01:00:00,2.342797630806965,1.3609551237458573,3.466596316315265,14,159
2025-09-06 02:00:00,2.337690986182802,1.2485195006717986,3.4040360468283235,14,159
2025-09-06 03:00:00,2.208900570842154,1.1420694585005606,3.1875992353570557,14,159
2025-09-06 04:00:00,2.0321549412175584,1.0573684881793939,3.0214352453358004,14,159
2025-09-06 05:00:00,1.919855436634733,0.8089248498486916,2.9136592097931766,14,159
2025-09-06 06:00:00,1.9211279580225957,0.923944946942885,2.9790551290075986,14,159
2025-09-06 07:00:00,1.9912476033241084,0.9184722135844381,2.966418907327593,14,159
2025-09-06 08:00:00,2.052739764546417,0.9940131991793875,3.0188246970748196,14,159
2025-09-06 09:00:00,2.077747564955059,1.0402429578865573,3.197090296535344,14,159
2025-09-06 10:00:00,2.104497767892296,1.0934060182189644,3.20898903756424,14,159
2025-09-06 11:00:00,2.1745810299000485,1.195971826200764,3.2290507664641934,14,159
2025-09-06 12:00:00,2.264109285960877,1.2917564848162004,3.3822796231847247,14,159
2025-09-06 13:00:00,2.2901753148177995,1.2959099767035296,3.394572183481983,14,159
2025-09-06 14:00:00,2.1945276770231574,1.1698478282779257,3.262504927021756,14,159
2025-09-06 15:00:00,2.020502275785248,0.9582518497264197,3.0951582194681526,14,159
2025-09-06 16:00:00,1.8973781163012073,0.9229546029013598,3.0350779228338007,14,159
2025-09-06 17:00:00,1.9348256011089973,0.8423333792695866,2.9598816496114266,14,159
2025-09-06 18:00:00,2.1225202685966975,1.0027759843045134,3.077960581821724,14,159
2025-09-06 19:00:00,2.3323652821909375,1.352994098145867,3.332817710747686,14,159
2025-09-06 20:00:00,2.4265537164726454,1.3409001029914414,3.47556446094451,14,159
2025-09-06 21:00:00,2.3736812393877815,1.2804630797514043,3.4620997677881133,14,159
2025-09-06 22:00:00,2.2660848458069753,1.2532148780480252,3.3167998425443357,14,159
2025-09-06 23:00:00,2.224696740247776,1.1606498031599173,3.3021849940212054,14,159
2025-09-07 00:00:00,2.2835232866766204,1.2776526905744299,3.221775484603619,14,159
2025-09-07 01:00:00,2.362533964609564,1.3166665320369066,3.3932371297835804,14,159
2025-09-07 02:00:00,2.3505179745496823,1.2392520604714787,3.3719124947722734,14,159
2025-09-07 03:00:00,2.2143726768137553,1.1377319043803589,3.2600609485178818,14,159
2025-09-07 04:00:00,2.0299489153404133,1.027850601366269,3.0947979514017967,14,159
2025-09-07 05:00:00,1.9097744148218117,0.9048061546276037,2.9303714021055436,14,159
2025-09-07 06:00:00,1.9031037181307144,0.8090064397837239,2.9569130457744315,14,159
2025-09-07 07:00:00,1.9653409554038197,1.023100640268041,2.9103881803948464,14,159
2025-09-07 08:00:00,2.0191390746331903,1.0007935013938352,3.1531072190326963,14,159
2025-09-07 09:00:00,2.0367654372235937,1.0320093443621643,3.0527510940013967,14,159
2025-09-07 10:00:00,2.056565934638133,0.9509817840863726,3.050625396084003,14,159
2025-09-07 11:00:00,2.120243522702076,1.0912802865122704,3.191077633272636,14,159
2025-09-07 12:00:00,2.204013984381861,1.2062207251281567,3.2437999431129017,14,159
2025-09-07 13:00:00,2.225063990578861,1.176748131666314,3.194444656266629,14,159
2025-09-07 14:00:00,2.125224671805853,1.070800788677272,3.08260070599175,14,159
2025-09-07 15:00:00,1.9479019691701351,0.8906972281482852,2.9908884060639256,14,159
2025-09-07 16:00:00,1.8224313563665095,0.696796025109259,2.8213696894929114,14,159
2025-09-07 17:00:00,1.858525284613663,0.8658353745152817,2.933869206147634,14,159
2025-09-07 18:00:00,2.0458862688273376,0.9579481469142886,3.131929281538365,14,159
2025-09-07 19:00:00,2.2564289318145208,1.2257235794005492,3.343670082398883,14,159
2025-09-07 20:00:00,2.352342058804263,1.3312554590963248,3.4032133056743197,14,159
2025-09-07 21:00:00,2.3022012650782777,1.2865146702618495,3.299362519567941,14,159
2025-09-07 22:00:00,2.1983079325580936,1.1288782603044956,3.2598048124138876,14,159
2025-08-24 17:00:00,2.0853136417804365,0.9780425375960721,3.229075128131772,1,18
2025-08-24 18:00:00,1.9498755447464244,0.9021186993027475,2.99350188963857,1,18
2025-08-24 19:00:00,1.91370823592993,0.851400829040898,2.9637022502985197,1,18
2025-08-24 20:00:00,1.9634221774787075,0.8549511837760768,3.0361373383594583,1,18
2025-08-24 21:00:00,2.007940380812868,0.9254827158979452,3.0739495451728334,1,18
2025-08-24 22:00:00,1.9687122581766667,0.8946772091958448,3.023603893623937,1,18
2025-08-24 23:00:00,1.8547166014358127,0.7646778569458306,2.9616420957295047,1,18
2025-08-25 00:00:00,1.7519985522610515,0.7644451680768811,2.9619198705781975,1,18
2025-08-25 01:00:00,1.7414796996147306,0.6969533503473399,2.888317891784164,1,18
2025-08-25 02:00:00,1.8266665992661408,0.8075442102083691,2.978387962560067,1,18
2025-08-25 03:00:00,1.9391610157278052,0.7599992925524183,3.0129452442061306,1,18
2025-08-25 04:00:00,2.0107178112674173,0.8952200625547109,3.130947757034723,1,18
2025-08-25 05:00:00,2.0361884312736946,0.9450820822313346,3.1026750095766085,1,18
2025-08-25 06:00:00,2.0653814985417154,1.0573841389134488,3.112398942298573,1,18
2025-08-25 07:00:00,2.1374045849389884,1.1024938285093773,3.3020735095948663,1,18
2025-08-25 08:00:00,2.230286849428695,1.0068414478730485,3.367279074809977,1,18
2025-08-25 09:00:00,2.281275437280188,1.147149961474185,3.367257025523373,1,18
2025-08-25 10:00:00,2.2576207667671286,1.2134171337687907,3.292654805761367,1,18
2025-08-25 11:00:00,2.202160713003631,1.145684321971394,3.3682714601030743,1,18
2025-08-25 12:00:00,2.200848038790474,1.0400767557116908,3.3042371267066586,1,18
2025-08-25 13:00:00,2.2989916454616175,1.1999509217988042,3.4016906877307567,1,18
2025-08-25 14:00:00,2.4488573649210466,1.370319305732778,3.4929593585107694,1,18
2025-08-25 15:00:00,2.544936457902712,1.4040708629955563,3.657700730789593,1,18
2025-08-25 16:00:00,2.5182055062942506,1.4845817537412025,3.6942869994515695,1,18
2025-08-25 17:00:00,2.400671452744969,1.2668961274314863,3.5033512426784665,1,18
2025-08-25 18:00:00,2.2972109713367397,1.2017911959153056,3.496404778942179,1,18
2025-08-25 19:00:00,2.289872453741293,1.1566479577073285,3.320505239054986,1,18
2025-08-25 20:00:00,2.3648819767190377,1.275834344833381,3.497186682014327,1,18
2025-08-25 21:00:00,2.4308188148660497,1.288303254605837,3.5278307644765063,1,18
2025-08-25 22:00:00,2.408833515118353,1.2624239379655553,3.4957640871344293,1,18
2025-08-25 23:00:00,2.3076545521396037,1.238037770197458,3.4062366239712025,1,18
2025-08-26 00:00:00,2.2131283834708286,1.094180782810389,3.3365766158832875,1,18
2025-08-26 01:00:00,2.2060320020308195,1.121841606638172,3.3259105620505625,1,18
2025-08-26 02:00:00,2.2897832506849505,1.18757756198854,3.439749604061057,1,18
2025-08-26 03:00:00,2.3959521769268277,1.2795008313753193,3.518143717061382,1,18
2025-08-26 04:00:00,2.4563193389352107,1.4353913199466464,3.555478161344474,1,18
2025-08-26 05:00:00,2.465819007163475,1.3356745046201377,3.582920448720001,1,18
2025-08-26 06:00:00,2.4743987777518823,1.383482653129989,3.50767031451975,1,18
2025-08-26 07:00:00,2.521359678691792,1.4137963633018324,3.5267237019233604,1,18
2025-08-26 08:00:00,2.5849764784270217,1.50040887985041,3.711342032653833,1,18
2025-08-26 09:00:00,2.602791120917483,1.4979234473030019,3.8206370893416177,1,18
2025-08-26 10:00:00,2.5423944503765963,1.4648635417192672,3.677807175646938,1,18
2025-08-26 11:00:00,2.4470062796696657,1.350922387011353,3.5728649601979785,1,18
2025-08-26 12:00:00,2.4029982034466806,1.3561938534852418,3.5925471882924835,1,18
2025-08-26 13:00:00,2.456129786441049,1.3814513764556504,3.5150193325860926,1,18
2025-08-26 14:00:00,2.5591439109756995,1.4149964508619195,3.662972740702641,1,18
2025-08-26 15:00:00,2.607029516231442,1.5198856915169838,3.6935229571836685,1,18
2025-08-26 16:00:00,2.5312754887442113,1.4817905351022524,3.5926209123904074,1,18
2025-08-26 17:00:00,2.364409531526128,1.3014510743275551,3.5126838287435804,1,18
2025-08-26 18:00:00,2.211831272151243,1.1082241346437913,3.2997823067579866,1,18
2025-08-26 19:00:00,2.156107971721242,1.0222719216372769,3.158856236123995,1,18
2025-08-26 20:00:00,2.1839742781441904,1.0782190764628499,3.3036167098947384,1,18
2025-08-26 21:00:00,2.204501664386545,1.1751494185288294,3.2039163724840227,1,18
2025-08-26 22:00:00,2.13931064313103,1.1469252791409905,3.3099491068728453,1,18
2025-08-26 23:00:00,1.9975718492020935,0.8935157953886241,3.0872311674114505,1,18
2025-08-27 00:00:00,1.8655408769833304,0.712812619397297,2.8815629930343087,1,18
2025-08-27 01:00:00,1.8243660347229456,0.7375598699573198,2.8840865504155597,1,18
2025-08-27 02:00:00,1.8777943387640597,0.7281769451414254,3.0074240670677095,1,18
2025-08-27 03:00:00,1.9576790788113305,0.9501268823281931,3.039036071219663,1,18
2025-08-27 04:00:00,1.9960349111586688,0.8719674449015493,3.116412664029662,1,18
2025-08-27 05:00:00,1.9879784629610722,0.9323782657874449,3.1496176518310537,1,18
2025-08-27 06:00:00,1.9835859947819083,0.9607125246577631,3.107226423273682,1,18
2025-08-27 07:00:00,2.022232225186411,0.9247168861967053,3.1143647446180918,1,18
2025-08-27 08:00:00,2.0822100415953773,1.0739066208400887,3.0740860810430295,1,18
2025-08-27 09:00:00,2.101024027306437,1.0755697903579713,3.223914570123129,1,18
2025-08-27 10:00:00,2.046172965234898,0.9876469714077715,3.191018322176784,1,18
2025-08-27 11:00:00,1.960731360969289,0.8438591280789096,3.021789728397794,1,18
2025-08-27 12:00:00,1.930874366578866,0.8661717994765794,3.039751062576435,1,18
2025-08-27 13:00:00,2.0021167075231263,0.8923351295617102,2.9871004936061007,1,18
2025-08-27 14:00:00,2.126911361112295,1.0699598501121013,3.1321073638680375,1,18
2025-08-27 15:00:00,2.199916175799644,1.0632984926529219,3.255160784721647,1,18
2025-08-27 16:00:00,2.152252140965886,1.0772188975495132,3.2336088270800385,1,18
2025-08-27 17:00:00,2.0160470783254723,0.8340251734956221,3.092640243607919,1,18
2025-08-27 18:00:00,1.8962739537739772,0.8515793966496598,2.9788843504313163,1,18
2025-08-27 19:00:00,1.8750521052840183,0.7113759779964326,2.9724131545082204,1,18
2025-08-27 20:00:00,1.9386527600852885,0.8924275266721923,2.9667221409746825,1,18
2025-08-27 21:00:00,1.9956744087306713,0.8953287226888829,3.0670433016175003,1,18
2025-08-27 22:00:00,1.9672610522414753,0.8215465161957461,3.080146735199335,1,18
2025-08-27 23:00:00,1.8621093374767037,0.6910852269913567,2.8869361450396744,1,18
2025-08-28 00:00:00,1.7660093915416182,0.7070695850879947,2.7867159016300067,1,18
2025-08-28 01:00:00,1.7596584414764658,0.6994614823514715,2.8333542941415213,1,18
2025-08-28 02:00:00,1.8463724686134817,0.7191140203772282,2.963349573888012,1,18
2025-08-28 03:00:00,1.9575991574529503,0.7913068436945712,3.0487745579373047,1,18
2025-08-28 04:00:00,2.024978028582921,0.9389961144217499,3.1183053259922633,1,18
2025-08-28 05:00:00,2.0432856756441438,0.9930031967341779,3.1387295540676274,1,18
2025-08-28 06:00:00,2.062297595786181,0.923111778044927,3.095314822597522,1,18
2025-08-28 07:00:00,2.121130665432242,1.0421273681575118,3.2227252108149482,1,18
2025-08-28 08:00:00,2.1978659404873695,1.1282317334636733,3.280138034041083,1,18
2025-08-28 09:00:00,2.229844672723515,1.1228067978295866,3.342281813151434,1,18
2025-08-28 10:00:00,2.1844526724496025,1.1209556274687298,3.2326095604653284,1,18
2025-08-28 11:00:00,2.104703037808857,0.9751158529042996,3.112354293120586,1,18
2025-08-28 12:00:00,2.0767616179104103,1.0726251013756518,3.09592739973128,1,18
2025-08-28 13:00:00,2.14618580669509,1.0806204865504085,3.1892789201788605,1,18
2025-08-28 14:00:00,2.2655224187282066,1.1899802567310254,3.376267434844477,1,18
2025-08-28 15:00:00,2.329572847865581,1.1873859968026959,3.473941130038165,1,18
2025-08-28 16:00:00,2.2696492379687307,1.229923694134517,3.379479118266747,1,18
2025-08-28 17:00:00,2.11811546489176,1.0206991848113096,3.231427318844609,1,18
2025-08-28 18:00:00,1.9802221640682474,0.9457637620386858,3.106874656662161,1,18
2025-08-28 19:00:00,1.9384041420437725,0.8124793441418424,2.9822262306747445,1,18
2025-08-28 20:00:00,1.9792815950834934,0.8649588552473205,3.1371093979418214,1,18
2025-08-28 21:00:00,2.0118307578154666,0.9975694871295678,3.0979663593517195,1,18
2025-08-28 22:00:00,1.9575970594255157,0.9557255122621062,2.9947695438518767,1,18
2025-08-28 23:00:00,1.8256968680989347,0.7869381655951168,2.854916385059986,1,18
2025-08-29 00:00:00,1.7023527040680446,0.5688977447617463,2.798643837721295,1,18
2025-08-29 01:00:00,1.6687010797430433,0.5194653112398852,2.740995144474225,1,18
2025-08-29 02:00:00,1.728498290759331,0.5904087839620649,2.8472468872840873,1,18
2025-08-29 03:00:00,1.8136274930456344,0.7335021339373643,2.9618741210492527,1,18
2025-08-29 04:00:00,1.8561530309377112,0.7455307506168201,2.93985206858052,1,18
2025-08-29 05:00:00,1.8512600107896513,0.7226526639046488,2.8200179572131585,1,18
2025-08-29 06:00:00,1.8491106823038743,0.8361379193004732,2.965920039188462,1,18
2025-08-29 07:00:00,1.889181749341798,0.8263719991922481,3.001555288793516,1,18
2025-08-29 08:00:00,1.9498823556379425,0.8706442025834571,3.104673401730264,1,18
2025-08-29 09:00:00,1.9688456989887666,0.8612812590472667,3.049686836919104,1,18
2025-08-29 10:00:00,1.9137094606755927,0.794514033016763,2.994874634586779,1,18
2025-08-29 11:00:00,1.8276951208926948,0.7612278966361832,2.9612783214643477,1,18
2025-08-29 12:00:00,1.7971305715230725,0.6794156250988166,2.9240046425846486,1,18
2025-08-29 13:00:00,1.8676866598172306,0.7884558709302794,2.9893442941998183,1,18
2025-08-29 14:00:00,1.9919734433693719,0.9244279246396085,3.0564101528256673,1,18
2025-08-29 15:00:00,2.0648043784200665,1.0423110462109701,3.140701102539622,1,18
2025-08-29 16:00:00,2.0174521834745507,0.9076535260920017,3.1042581245929024,1,18
2025-08-29 17:00:00,1.8821901818632867,0.7724644171426857,2.872732970071408,1,18
2025-08-29 18:00:00,1.764128353330445,0.7284503373400212,2.8882657271056607,1,18
2025-08-29 19:00:00,1.7455124206115016,0.6109066400266201,2.8189199753122525,1,18
2025-08-29 20:00:00,1.8127273728823565,0.7510023478948578,2.8975993237662276,1,18
2025-08-29 21:00:00,1.8744710204629593,0.8258648733455795,2.944433231128468,1,18
2025-08-29 22:00:00,1.8519706213475855,0.7574161149355078,2.9704747470698516,1,18
2025-08-29 23:00:00,1.7539886166754304,0.6726127102798743,2.8630677183267093,1,18
2025-08-30 00:00:00,1.666362304774265,0.6066384490739042,2.752686196031104,1,18
2025-08-30 01:00:00,1.669816555947263,0.5218440479488907,2.7080822864264413,1,18
2025-08-30 02:00:00,1.7676748298189318,0.7269224037404824,2.7661930194339353,1,18
2025-08-30 03:00:00,1.8913717640594583,0.8678416328117361,2.9776496086438318,1,18
2025-08-30 04:00:00,1.9725132295155636,0.8585195015710508,3.029139985719055,1,18
2025-08-30 05:00:00,2.005821773165705,0.9384146273486623,3.1586099754357253,1,18
2025-08-30 06:00:00,2.0409989365911145,0.9424202461779625,3.1119449730969784,1,18
2025-08-30 07:00:00,2.1170684958802446,1.0109427339236166,3.21695747416217,1,18
2025-08-30 08:00:00,2.2120002927847158,1.1025696297715546,3.244367462406918,1,18
2025-08-30 09:00:00,2.2630075360175903,1.169417356630834,3.3744908875491837,1,18
2025-08-30 10:00:00,2.2373326866890095,1.10145230234102,3.2807199165197476,1,18
2025-08-30 11:00:00,2.1778319287321515,1.1717134046559134,3.305084535511669,1,18
2025-08-30 12:00:00,2.170502569493241,1.0955454278825496,3.3032389899614394,1,18
2025-08-30 13:00:00,2.2607239423795087,1.1288000981676514,3.358057253040431,1,18
2025-08-30 14:00:00,2.4008575358097968,1.3338961918631662,3.519029925017128,1,18
2025-08-30 15:00:00,2.48551452025533,1.4382213717499548,3.6548740688179557,1,18
2025-08-30 16:00:00,2.445814371868374,1.4069960334751268,3.563468627587528,1,18
2025-08-30 17:00:00,2.3139283601994878,1.198408354815127,3.4532134729028745,1,18
2025-08-30 18:00:00,2.1949171016017504,1.126566532001859,3.3327714758047473,1,18
2025-08-30 19:00:00,2.171030483852376,1.0478740533183752,3.232517664847791,1,18
2025-08-30 20:00:00,2.2287113519731294,1.1401299282570543,3.26620850139415,1,18
2025-08-30 21:00:00,2.276768546070805,1.1439466435096763,3.3567835608067704,1,18
2025-08-30 22:00:00,2.236592336919377,1.207372250739172,3.350474064833534,1,18
2025-08-30 23:00:00,2.1171583099272477,1.102738280102322,3.2396859104671365,1,18
2025-08-31 00:00:00,2.004564549192372,0.9018263765656245,3.124005844686319,1,18
2025-08-31 01:00:00,1.9798412537992007,0.9556759958733134,3.1561297619286894,1,18
2025-08-31 02:00:00,2.046658085953787,0.9709917214912279,3.194475533890004,1,18
2025-08-31 03:00:00,2.136832564832619,1.0716147357047676,3.223473046027436,1,18
2025-08-31 04:00:00,2.1823854527845796,1.0596407489291693,3.269341390217874,1,18
2025-08-31 05:00:00,2.178481113234125,1.1286480100469958,3.2413667213804986,1,18
2025-08-31 06:00:00,2.1752843908074406,1.0996633541792833,3.2400259934098288,1,18
2025-08-31 07:00:00,2.212298127439567,1.1298158998744652,3.311407613637799,1,18
2025-08-31 08:00:00,2.267981055444603,1.207921951662907,3.3828155333649503,1,18
2025-08-31 09:00:00,2.2800390205818997,1.2669435984742012,3.3941382866593464,1,18
2025-08-31 10:00:00,2.216204725057803,1.1648945961120032,3.333170296953256,1,18
2025-08-31 11:00:00,2.1198160682613665,1.0324926576841322,3.2622573032573405,1,18
2025-08-31 12:00:00,2.077337507117719,0.9639626526124794,3.1259548676998805,1,18
2025-08-31 13:00:00,2.1345950839595833,0.98648839696879,3.1792383449317683,1,18
2025-08-31 14:00:00,2.2443709198233086,1.2079415966799991,3.3485488275287016,1,18
2025-08-31 15:00:00,2.3016654159882894,1.1579842638372992,3.4801847952322382,1,18
2025-08-31 16:00:00,2.237950929572432,1.0968624736083257,3.363517341462337,1,18
2025-08-29 14:00:00,1.3884000617170433,0.30475235278374413,2.442839226351359,17,189
2025-08-29 15:00:00,1.3606312759024237,0.32753673404990913,2.3953147563207873,17,189
2025-08-29 16:00:00,1.5039686678601123,0.38337425388387675,2.560472385542174,17,189
2025-08-29 17:00:00,1.698539652079035,0.6377102064746455,2.7250505792165964,17,189
2025-08-29 18:00:00,1.8160561690613517,0.7566176633940419,2.7926842382068804,17,189
2025-08-29 19:00:00,1.8292111796709447,0.78373880568836,2.890348212674777,17,189
2025-08-29 20:00:00,1.81461115472726,0.7948579417926425,2.7746302157639784,17,189
2025-08-29 21:00:00,1.855347569933764,0.8719518209917454,2.896238838259304,17,189
2025-08-29 22:00:00,1.9467514907468928,0.9031870786217474,2.968225312354456,17,189
2025-08-29 23:00:00,2.0007432642907856,0.9742040915215713,2.9945467067009632,17,189
2025-08-30 00:00:00,1.9413415705627142,0.9809923990221926,3.0723593154868607,17,189
2025-08-30 01:00:00,1.791131182940682,0.7484596531403278,2.8145744910995014,17,189
2025-08-30 02:00:00,1.6587483371337983,0.7058974047168497,2.701215895713695,17,189
2025-08-30 03:00:00,1.6389691420484491,0.7035488848588104,2.6891585373965388,17,189
2025-08-30 04:00:00,1.7261669152100798,0.726314011250987,2.756406296761455,17,189
2025-08-30 05:00:00,1.8282636152437435,0.822059319464381,2.860755498646972,17,189
2025-08-30 06:00:00,1.8658007625042683,0.8455363895848426,2.858102424935109,17,189
2025-08-30 07:00:00,1.8536009216537703,0.7806550090572613,2.902200725941082,17,189
2025-08-30 08:00:00,1.879783302727425,0.8140714641321469,2.8676527765104765,17,189
2025-08-30 09:00:00,2.0021901778855073,0.9305273151064094,3.035699040167617,17,189
2025-08-30 10:00:00,2.1693232839742316,1.11963480813452,3.28738998641168,17,189
2025-08-30 11:00:00,2.2522792789680643,1.1940779994578326,3.2965879299132053,17,189
2025-08-30 12:00:00,2.1640765193629936,1.1841500613190452,3.202592757686353,17,189
2025-08-30 13:00:00,1.9522257043346096,0.9123467997377611,2.9761475637885106,17,189
2025-08-30 14:00:00,1.7710511650714542,0.721575848136903,2.868189165496618,17,189
2025-08-30 15:00:00,1.7542700275834735,0.7211124801460097,2.7996119447461694,17,189
2025-08-30 16:00:00,1.9047619200540984,0.8893503500905667,2.973672946775549,17,189
2025-08-30 17:00:00,2.102592316857491,1.0634876426991882,3.2270420885091236,17,189
2025-08-30 18:00:00,2.21945506411536,1.2264772072372523,3.2269356442741746,17,189
2025-08-30 19:00:00,2.228069132130738,1.156100301707924,3.21428298318884,17,189
2025-08-30 20:00:00,2.2051108349609976,1.1864304925824054,3.2656182071139885,17,189
2025-08-30 21:00:00,2.2337845301231773,1.2280651998846368,3.292773472625483,17,189
2025-08-30 22:00:00,2.3095758923312824,1.2598466571641107,3.4088055460061444,17,189
2025-08-30 23:00:00,2.3445997940969416,1.3086533844263162,3.3646303347809106,17,189
2025-08-31 00:00:00,2.2631070671478093,1.1898209851234713,3.3120931485305247,17,189
2025-08-31 01:00:00,2.0879495225308347,1.0706951147585744,3.162838625561626,17,189
2025-08-31 02:00:00,1.9280621616992066,0.8943827680112139,2.9094882562405293,17,189
2025-08-31 03:00:00,1.8785480504577066,0.758366359162195,2.935136642463732,17,189
2025-08-31 04:00:00,1.9341317815918633,0.9197057867615975,2.9652621065770672,17,189
2025-08-31 05:00:00,2.003106745631398,0.9776469286863753,2.9760996195239353,17,189
2025-08-31 06:00:00,2.006401651818186,1.0290309367141646,3.0719649389653476,17,189
2025-08-31 07:00:00,1.9592374264853822,0.9769406257612346,2.9990625881611592,17,189
2025-08-31 08:00:00,1.9501381014656851,0.9018983705392517,2.970289987860656,17,189
2025-08-31 09:00:00,2.0373524470289914,0.9563819046555361,3.1207362122622277,17,189
2025-08-31 10:00:00,2.169785577854528,1.0834387158459675,3.202660871219464,17,189
2025-08-31 11:00:00,2.2189296583869487,1.2233628075317513,3.285573541600481,17,189
2025-08-31 12:00:00,2.0981860326709603,1.0412267242854911,3.1495736831831747,17,189
2025-08-31 13:00:00,1.8554313806927885,0.8306968717785896,2.9594069591995202,17,189
2025-08-31 14:00:00,1.6453347343363782,0.5671218251090776,2.614796142498364,17,189
2025-08-31 15:00:00,1.6019326329363124,0.6347334512008265,2.624725092571089,17,189
2025-08-31 16:00:00,1.7283951378637583,0.7120921246816375,2.781540312862058,17,189
2025-08-31 17:00:00,1.9050458430038373,0.86326085421932,2.948688370613616,17,189
2025-08-31 18:00:00,2.0038014657618164,0.9360779929959068,3.0502913814333676,17,189
2025-08-31 19:00:00,1.9975660992949993,0.9600377867981776,3.0651259702230877,17,189
2025-08-31 20:00:00,1.963161395646907,0.9978351866877201,3.0425145108461082,17,189
2025-08-31 21:00:00,1.9838957168415752,0.9226288427762576,2.9786261302279944,17,189
2025-08-31 22:00:00,2.055316365605807,1.0872610137010041,3.1151836295882678,17,189
2025-08-31 23:00:00,2.089556940173794,1.006966950400238,3.136171975421012,17,189
2025-09-01 00:00:00,2.010844092267141,1.0093823642114421,3.0189210901169776,17,189
2025-09-01 01:00:00,1.8419630648474472,0.7950185942258245,2.778619248729712,17,189
2025-09-01 02:00:00,1.6917409341462033,0.6517656170801815,2.8143919244377202,17,189
2025-09-01 03:00:00,1.6551330138773954,0.6384527416703492,2.6471763286349588,17,189
2025-09-01 04:00:00,1.7266783271193038,0.6723528977859298,2.7264867323542026,17,189
2025-09-01 05:00:00,1.8144493392787886,0.7685982593052376,2.8356456888670825,17,189
2025-09-01 06:00:00,1.8391213624744327,0.7405330444215221,2.853148992271174,17,189
2025-09-01 07:00:00,1.8156327217630923,0.7745845918639204,2.861115371378692,17,189
2025-09-01 08:00:00,1.8321992542140104,0.7532397508863292,2.860261032151448,17,189
2025-09-01 09:00:00,1.9467398497366655,0.9287243971912258,3.0036717693905657,17,189
2025-09-01 10:00:00,2.1078122127915275,1.0517187153591356,3.109717094145422,17,189
2025-09-01 11:00:00,2.186547919139814,1.148579215737582,3.30138782886428,17,189
2025-09-01 12:00:00,2.095979038140045,1.0311280972261576,3.1756657608887164,17,189
2025-09-01 13:00:00,1.8836088663616706,0.8467054875207282,2.957012828785517,17,189
2025-09-01 14:00:00,1.703733548639824,0.6805511799155542,2.717293894621693,17,189
2025-09-01 15:00:00,1.6900218090395418,0.6436811654306573,2.682343747140575,17,189
2025-09-01 16:00:00,1.8452854545973167,0.7334351226381965,2.94663091126003,17,189
2025-09-01 17:00:00,2.0495037327959182,1.0085437830834936,3.146416354654193,17,189
2025-09-01 18:00:00,2.1742670740750754,1.1315360027660422,3.216651276280563,17,189
2025-09-01 19:00:00,2.1921752486020813,1.100321167733529,3.200953187187337,17,189
2025-09-01 20:00:00,2.179771159478933,1.2204845908898816,3.150695225610922,17,189
2025-09-01 21:00:00,2.2201132651215114,1.202551232672495,3.16023259080319,17,189
2025-09-01 22:00:00,2.3085307028859967,1.3024270091614973,3.3698774441608887,17,189
2025-09-01 23:00:00,2.3569731235375855,1.30523250836148,3.428219899168815,17,189
2025-09-02 00:00:00,2.28951948610384,1.2861049520063081,3.3901858716442788,17,189
2025-09-02 01:00:00,2.12884516576759,1.0802880086735396,3.1782452146105937,17,189
2025-09-02 02:00:00,1.9837062813651356,0.9031845686889495,2.9590752814747217,17,189
2025-09-02 03:00:00,1.9490266885580636,0.9575668781478329,2.9839087064044767,17,189
2025-09-02 04:00:00,2.019353538529041,0.9413907725822087,3.0782248332384134,17,189
2025-09-02 05:00:00,2.102806596637278,1.0436884324203513,3.1416455526058513,17,189
2025-09-02 06:00:00,2.1201467382634442,1.0941509196683372,3.1729988675530567,17,189
2025-09-02 07:00:00,2.0864347258545997,1.0614132511314311,3.0953232774583945,17,189
2025-09-02 08:00:00,2.0900438574360565,1.0720341517185041,3.1118983607887825,17,189
2025-09-02 09:00:00,2.189083220769266,1.0950128646474067,3.2423371540624544,17,189
2025-09-02 10:00:00,2.332330762957431,1.2687899918337973,3.383175615111529,17,189
2025-09-02 11:00:00,2.3911652853881464,1.2937470111624916,3.4075312593713436,17,189
2025-09-02 12:00:00,2.278889674848386,1.2298839654297977,3.2864846609466283,17,189
2025-09-02 13:00:00,2.0432979610768127,1.1302348330151266,3.153696625018702,17,189
2025-09-02 14:00:00,1.8389930247428738,0.7260161114110415,2.9311741041424337,17,189
2025-09-02 15:00:00,1.7999622293047823,0.7985250585521478,2.830345432531945,17,189
2025-09-02 16:00:00,1.9293436926258758,0.8925203753359837,2.9687475468298046,17,189
2025-09-02 17:00:00,2.1074463340974336,1.0337498327421861,3.1752069759434547,17,189
2025-09-02 18:00:00,2.2061892840916695,1.0473531536718217,3.1779765967510007,17,189
2025-09-02 19:00:00,2.198495740812089,1.0831989565347417,3.2117120982773675,17,189
2025-09-02 20:00:00,2.161222551849,1.1100317119407792,3.2179365410672016,17,189
2025-09-02 21:00:00,2.1777285672735913,1.1598432893217803,3.3047818559159556,17,189
2025-09-02 22:00:00,2.243625888400491,1.1432908565539122,3.278542978720712,17,189
2025-09-02 23:00:00,2.2711260712898254,1.226327712178062,3.2592778203843302,17,189
2025-09-03 00:00:00,2.18454558086035,1.0938706230684385,3.192634424114949,17,189
2025-09-03 01:00:00,2.0067698907766687,0.9363201837908366,3.173509873248465,17,189
2025-09-03 02:00:00,1.8467351738555982,0.80443360690179,2.8655601492793035,17,189
2025-09-03 03:00:00,1.7995130623407403,0.8218908068280031,2.8392630465609874,17,189
2025-09-03 04:00:00,1.8597644062666934,0.8161145624989238,2.876108426272491,17,189
2025-09-03 05:00:00,1.9356872465473642,0.9088989458968785,2.94171603728838,17,189
2025-09-03 06:00:00,1.9480844370234027,0.906863634911369,3.009136305699392,17,189
2025-09-03 07:00:00,1.9120220298309305,0.840485534988877,2.9303189322724386,17,189
2025-09-03 08:00:00,1.9158420189201342,0.9181220836193186,2.9966887904121156,17,189
2025-09-03 09:00:00,2.0175861738765515,0.9815305248271754,3.0924161960774827,17,189
2025-09-03 10:00:00,2.1659301658835544,1.0888737784091431,3.1872063334134273,17,189
2025-09-03 11:00:00,2.232117081293773,1.2087420713055461,3.2383700213944224,17,189
2025-09-03 12:00:00,2.129282613626581,1.1406841973517767,3.199583432166435,17,189
2025-09-03 13:00:00,1.9050244982641615,0.9057079878965923,3.0170423355359293,17,189
2025-09-03 14:00:00,1.7137229826746343,0.685219848917362,2.717640946790778,17,189
2025-09-03 15:00:00,1.6891195694249175,0.600497699704358,2.8022991443608967,17,189
2025-09-03 16:00:00,1.8340867070502362,0.7967702771657459,2.8692085651351635,17,189
2025-09-03 17:00:00,2.0286515201874247,1.051330772822333,3.0520030852229674,17,189
2025-09-03 18:00:00,2.144439117347755,1.1024766109551138,3.1563685991087533,17,189
2025-09-03 19:00:00,2.154070510987005,1.171138826461243,3.2353813318503826,17,189
2025-09-03 20:00:00,2.134096373845154,1.0630328996407095,3.2043344363584456,17,189
2025-09-03 21:00:00,2.167569624185157,1.1143668555957318,3.2645705427801794,17,189
2025-09-03 22:00:00,2.2498009087327056,1.2137036622333985,3.3110877395577787,17,189
2025-09-03 23:00:00,2.2927089872516513,1.262440802427995,3.2915955912304136,17,189
2025-09-04 00:00:00,2.2203302598642916,1.1451578690275825,3.2799322834127103,17,189
2025-09-04 01:00:00,2.0552867791184988,1.015555029761544,3.1199944479150075,17,189
2025-09-04 02:00:00,1.9062716402391224,0.878190199135847,2.9895109356214746,17,189
2025-09-04 03:00:00,1.8681371803779845,0.8180594607846077,2.9066696870066404,17,189
2025-09-04 04:00:00,1.9353518697549696,0.8424686960694678,2.959503796414163,17,189
2025-09-04 05:00:00,2.01595107001502,1.0084650702300872,3.015885642388644,17,189
2025-09-04 06:00:00,2.030607057029574,1.0699332525998113,3.023800446099815,17,189
2025-09-04 07:00:00,1.9942893903646695,0.9347680497275623,3.063716324372357,17,189
2025-09-04 08:00:00,1.9952791975558242,0.9005141367395996,3.014856842691312,17,189
2025-09-04 09:00:00,2.0915940841633196,0.9881303178895224,3.176236015495354,17,189
2025-09-04 10:00:00,2.23192285622329,1.089372936435286,3.2900810676758625,17,189
2025-09-04 11:00:00,2.2875591415243957,1.2858315683772028,3.391064364150108,17,189
2025-09-04 12:00:00,2.1717261976772586,1.0981966404997248,3.213517368589622,17,189
2025-09-04 13:00:00,1.9321454747055227,0.924418545792071,3.0415002972127496,17,189
2025-09-04 14:00:00,1.7233557347077872,0.6855174235557796,2.78182600446589,17,189
2025-09-04 15:00:00,1.6792899816698152,0.620057683076583,2.7407694617807383,17,189
2025-09-04 16:00:00,1.8030428985065448,0.7209823882946162,2.8327287158701715,17,189
2025-09-04 17:00:00,1.9748919098442723,0.8410135433675933,2.9768558044922195,17,189
2025-09-04 18:00:00,2.066737442183823,1.0320034546242784,3.1869794900676527,17,189
2025-09-04 19:00:00,2.051497453483589,1.0262762162311412,3.059223867686381,17,189
2025-09-04 20:00:00,2.0060374986281784,1.0322039799461225,2.989219381644483,17,189
2025-09-04 21:00:00,2.013739369385846,0.9508517005417807,3.0930589044421284,17,189
2025-09-04 22:00:00,2.0702524272372615,1.0218841847240203,3.2314324570617465,17,189
2025-09-04 23:00:00,2.0878396851798384,1.0341480766394628,3.1312126103580127,17,189
2025-09-05 00:00:00,1.9908829339494643,0.9920584076312688,3.066040304987422,17,189
2025-09-05 01:00:00,1.8023463103854687,0.7438902995052488,2.8314707862192567,17,189
2025-09-05 02:00:00,1.6312572575935662,0.6471041906329845,2.7078819214468295,17,189
2025-09-05 03:00:00,1.572790364348246,0.5302662018243807,2.638252025274057,17,189
2025-09-05 04:00:00,1.621720021881627,0.599613273068086,2.7669152984212126,17,189
2025-09-05 05:00:00,1.6863671278765222,0.6859549059683296,2.739230877119616,17,189
2025-09-05 06:00:00,1.6876652867280315,0.6583634558441243,2.717900813710382,17,189
2025-09-05 07:00:00,1.6408176376581824,0.6112673319193638,2.7042836388069587,17,189
2025-09-05 08:00:00,1.634307924599895,0.6364739847711743,2.637043720192576,17,189
2025-09-05 09:00:00,1.726322560728447,0.7232318358815361,2.790762633297813,17,189
2025-09-05 10:00:00,1.8656829115029923,0.8041909459090744,2.8970359423124723,17,189
2025-09-05 11:00:00,1.9237769150544641,0.9529207843679981,2.958535476997188,17,189
2025-09-05 12:00:00,1.8138823546447875,0.7873531153327242,2.92128815425337,17,189
2025-09-05 13:00:00,1.5837343721524162,0.5296762374717218,2.568329766994604,17,189
2025-08-30 18:00:00,1.8240192405755267,0.7547444223937625,2.91987725622942,28,23
2025-08-30 19:00:00,1.7741838649556305,0.7344453958924224,2.7921644309162272,28,23
2025-08-30 20:00:00,1.8562108272107056,0.8721690688707734,2.8806512927346417,28,23
2025-08-30 21:00:00,2.035740778297655,1.061389043656146,3.0433373040156635,28,23
2025-08-30 22:00:00,2.1752575533155896,1.1505093611330512,3.299211008374043,28,23
2025-08-30 23:00:00,2.149115929516671,1.1043560319900685,3.1544125578528983,28,23
2025-08-31 00:00:00,1.959429340793411,0.9272705966938,3.091620482855874,28,23
2025-08-31 01:00:00,1.7417765914546264,0.634072659081089,2.705988053417766,28,23
2025-08-31 02:00:00,1.6507077788702404,0.6267948136130413,2.750533426238285,28,23
2025-08-31 03:00:00,1.7286439146453039,0.6432899310847421,2.7293615764442984,28,23
2025-08-31 04:00:00,1.8778982245195726,0.8344467222751988,2.9404464022894157,28,23
2025-08-31 05:00:00,1.95808976152833,0.8611409559031528,3.0685399453594004,28,23
2025-08-31 06:00:00,1.9141904552570976,0.9444200388403626,3.0096717897222702,28,23
2025-08-31 07:00:00,1.8160215332167495,0.8009084522135239,2.8502448689500315,28,23
2025-08-31 08:00:00,1.779184358971183,0.7095010593486178,2.8302068561278473,28,23
2025-08-31 09:00:00,1.8509478448189938,0.8189874108282439,2.838552976691185,28,23
2025-08-31 10:00:00,1.9722573248683966,0.900678434145076,2.967103067217315,28,23
2025-08-31 11:00:00,2.04573772891509,0.9788863851240216,3.172243142505054,28,23
2025-08-31 12:00:00,2.033793623310574,0.9692211692607389,3.0420433091682155,28,23
2025-08-31 13:00:00,1.9862689156782802,0.9447880753020202,3.024982344319223,28,23
2025-08-31 14:00:00,1.974876208507676,0.9022045365569467,3.0004207074074505,28,23
2025-08-31 15:00:00,2.0094206036362166,0.955154810874905,3.090507847290044,28,23
2025-08-31 16:00:00,2.0279064512420284,0.9314078293880019,3.054221115868122,28,23
2025-08-31 17:00:00,1.9722736077163003,0.9033127967226137,3.0636853751084447,28,23
2025-08-31 18:00:00,1.867755740785693,0.8715794638363293,2.888758231161674,28,23
2025-08-31 19:00:00,1.8152302859394915,0.785237466234275,2.906408986681319,28,23
2025-08-31 20:00:00,1.8941724465306777,0.9023872424076865,2.919117502483081,28,23
2025-08-31 21:00:00,2.070252036442514,1.009766548489914,3.1004990519640367,28,23
2025-08-31 22:00:00,2.205984420836592,1.1347777967828707,3.1949838166773192,28,23
2025-08-31 23:00:00,2.1757578806341074,1.1152446093551782,3.2296143568373363,28,23
2025-09-01 00:00:00,1.9817209234167155,1.0501042567553565,2.991735485343146,28,23
2025-09-01 01:00:00,1.759488588576842,0.7607814541092571,2.8319608383599526,28,23
2025-09-01 02:00:00,1.663647961452076,0.6772109177233101,2.682925805790189,28,23
2025-09-01 03:00:00,1.7366573908610798,0.720190737665065,2.791667129418129,28,23
2025-09-01 04:00:00,1.8808673952490316,0.965105461932748,2.888916794784218,28,23
2025-09-01 05:00:00,1.9559338964413395,0.8828199898099715,2.96067626483464,28,23
2025-09-01 06:00:00,1.9068649082473874,0.8928931171991973,2.9318169822609925,28,23
2025-09-01 07:00:00,1.803516619884904,0.7536724102526506,2.905544605218002,28,23
2025-09-01 08:00:00,1.7615239226197525,0.6625746832069198,2.7983987386151186,28,23
2025-09-01 09:00:00,1.828187540636239,0.7895271342913797,2.895150835472896,28,23
2025-09-01 10:00:00,1.9444826547301308,0.9383700775381849,3.046295445136999,28,23
2025-09-01 11:00:00,2.013061861683917,0.9386702292409637,3.0905120655468554,28,23
2025-09-01 12:00:00,1.9963550372655312,0.9657302179440393,2.9393919711299574,28,23
2025-09-01 13:00:00,1.9442289011091645,0.8542419792238436,2.9379479560335433,28,23
2025-09-01 14:00:00,1.928416269167486,0.8633249925518907,2.944314951296348,28,23
2025-09-01 15:00:00,1.95873979622402,0.8806969353342925,2.996146396133371,28,23
2025-09-01 16:00:00,1.9732187015997977,0.9935514990219331,2.97343244187234,28,23
2025-09-01 17:00:00,1.9138050417842976,0.893343071257122,2.960192639531081,28,23
2025-09-01 18:00:00,1.8057420669561193,0.7931956230759403,2.9078555631678267,28,23
2025-09-01 19:00:00,1.749914263784355,0.625139935790679,2.7926001102056768,28,23
2025-09-01 20:00:00,1.8258014745522126,0.8112055295489525,2.848934194165429,28,23
2025-09-01 21:00:00,1.9990758888356321,0.947707489504173,2.941234683848914,28,23
2025-09-01 22:00:00,2.1322531603064334,1.151534074743085,3.1515062489345844,28,23
2025-09-01 23:00:00,2.0997199708345486,1.1395920699356779,3.097711929299963,28,23
2025-09-02 00:00:00,1.903621561016258,0.8056687567015085,2.949272480358353,28,23
2025-09-02 01:00:00,1.6795682709554018,0.6380032359532375,2.753048273091698,28,23
2025-09-02 02:00:00,1.5821413021008621,0.5686428509957374,2.6342607072431794,28,23
2025-09-02 03:00:00,1.6537921902296882,0.5194520231815176,2.743529326105497,28,23
2025-09-02 04:00:00,1.7968639705498533,0.7532946819475428,2.83688839466401,28,23
2025-09-02 05:00:00,1.8710046698265352,0.7977422711285224,2.911451661485065,28,23
2025-09-02 06:00:00,1.821214248259594,0.7123644359250458,2.7744989988953135,28,23
2025-09-02 07:00:00,1.7173409273553073,0.707603022675588,2.8074010559755016,28,23
2025-09-02 08:00:00,1.6750119479256236,0.6592774349650661,2.728115306445616,28,23
2025-09-02 09:00:00,1.741520915834755,0.6595187880281527,2.775153537238079,28,23
2025-09-02 10:00:00,1.8578366204028207,0.8460948638417167,2.8951570291909587,28,23
2025-09-02 11:00:00,1.926606165437095,0.8668435334118832,2.926437187182794,28,23
2025-09-02 12:00:00,1.9102549780066056,0.7856661471108064,2.953475522205353,28,23
2025-09-02 13:00:00,1.8586464908381188,0.7670823263055219,2.9507342846592066,28,23
2025-09-02 14:00:00,1.8435114823019063,0.7924718970337716,2.920347724121632,28,23
2025-09-02 15:00:00,1.8746718748147737,0.8127733800641301,3.003746099458318,28,23
2025-09-02 16:00:00,1.8901474840682635,0.7872106081401501,3.062046572834068,28,23
2025-09-02 17:00:00,1.831892282189274,0.8192783418381124,2.824808877662522,28,23
2025-09-02 18:00:00,1.7251527119290513,0.7549057877726787,2.829970488662477,28,23
2025-09-02 19:00:00,1.6708176547924087,0.656360384011617,2.778006517657986,28,23
2025-09-02 20:00:00,1.7483724441922877,0.6714505980446597,2.7573228878793494,28,23
2025-09-02 21:00:00,1.923495721395813,0.8407477118243591,2.968778368906728,28,23
2025-09-02 22:00:00,2.058710388797525,1.0345136406212945,3.153716858501373,28,23
2025-09-02 23:00:00,2.0284109851346233,0.9566695400514418,3.0424232507819475,28,23
2025-09-03 00:00:00,1.8347510045229014,0.8236767628425802,2.8712248860075436,28,23
2025-09-03 01:00:00,1.613349206506361,0.5858236362972564,2.6589430329756745,28,23
2025-09-03 02:00:00,1.5187951311160197,0.4974869641582257,2.5365024174953104,28,23
2025-09-03 03:00:00,1.5935483131711732,0.5165588809534425,2.620584618962098,28,23
2025-09-03 04:00:00,1.7399591805526275,0.6584222347411437,2.8261534500871655,28,23
2025-09-03 05:00:00,1.8176822755308975,0.7367900833004658,2.8625163476873077,28,23
2025-09-03 06:00:00,1.7717229263876413,0.7225611093691137,2.863105185546262,28,23
2025-09-03 07:00:00,1.671933309569375,0.6993408161976625,2.7539037619295503,28,23
2025-09-03 08:00:00,1.6339429511838721,0.544230073305478,2.6659222198454224,28,23
2025-09-03 09:00:00,1.7050458294151223,0.6242609357291427,2.7507993942712345,28,23
2025-09-03 10:00:00,1.8262089671674775,0.76346257576495,2.9040118490725093,28,23
2025-09-03 11:00:00,1.9000753586727364,0.9078673120673709,2.8917616863282802,28,23
2025-09-03 12:00:00,1.8890637989863888,0.7814156713783604,2.956286867990705,28,23
2025-09-03 13:00:00,1.8430284156938226,0.8128599893213622,2.9879378936873517,28,23
2025-09-03 14:00:00,1.833687889788679,0.7919925347064082,2.9033668958726424,28,23
2025-09-03 15:00:00,1.8708491693302762,0.7815407980909949,2.9480183125512314,28,23
2025-09-03 16:00:00,1.8925141705127946,0.8316408700319283,2.9021300882656944,28,23
2025-09-03 17:00:00,1.8406160310684292,0.7482455306374164,2.8387423238426197,28,23
2025-09-03 18:00:00,1.7403774544452701,0.6321543296020296,2.8220663018026024,28,23
2025-09-03 19:00:00,1.692660748395487,0.6216324121428779,2.8576841158549047,28,23
2025-09-03 20:00:00,1.7769219494141522,0.728573366282551,2.8674175429491773,28,23
2025-09-03 21:00:00,1.9588078304685865,0.8848873996462298,2.993332497011119,28,23
2025-09-03 22:00:00,2.100807045773195,1.1232202924637449,3.0816271925093828,28,23
2025-09-03 23:00:00,2.0772777357949406,0.9843397591326281,3.1003247969848315,28,23
2025-09-04 00:00:00,1.8903351126143688,0.8099687524411584,2.9460925534736053,28,23
2025-09-04 01:00:00,1.675558070301276,0.6220592398117929,2.736392552241136,28,23
2025-09-04 02:00:00,1.587495031518013,0.5084642115618828,2.6182593139762766,28,23
2025-09-04 03:00:00,1.6685635212228407,0.716811987376539,2.674005719112841,28,23
2025-09-04 04:00:00,1.8210714484413946,0.8085060924352806,2.870693619729997,28,23
2025-09-04 05:00:00,1.9046307311274462,0.8867712126355994,3.004361564030198,28,23
2025-09-04 06:00:00,1.8642043867678209,0.8221205643155505,2.924407395650111,28,23
2025-09-04 07:00:00,1.769603024455635,0.7379996835037368,2.7909526765748853,28,23
2025-09-04 08:00:00,1.7364157821165631,0.706593200020124,2.816913072197762,28,23
2025-09-04 09:00:00,1.8118978654920959,0.7526849974784942,2.857987179469551,28,23
2025-09-04 10:00:00,1.936979572940109,0.8653718822314233,2.9931252637192314,28,23
2025-09-04 11:00:00,2.014269644649871,0.978489188954146,3.0952293792152203,28,23
2025-09-04 12:00:00,2.006155499902778,0.865844305353395,3.0017927983462838,28,23
2025-09-04 13:00:00,1.9624631566832431,0.93504468276889,2.961018450586921,28,23
2025-09-04 14:00:00,1.9548868157040356,0.9950770586106441,3.025037446560101,28,23
2025-09-04 15:00:00,1.9932129076882679,0.9906466573354278,3.0542756130322646,28,23
2025-09-04 16:00:00,2.0154270941655708,1.0427204215782564,3.1178671980021218,28,23
2025-09-04 17:00:00,1.9634507825970329,0.9276168486537184,3.066804853254987,28,23
2025-09-04 18:00:00,1.8624996906765088,0.801320318364018,2.8711081853429423,28,23
2025-09-04 19:00:00,1.81343406007246,0.708938639897762,2.821898001034776,28,23
2025-09-04 20:00:00,1.895712908428046,0.8329493158210859,2.96929385211949,28,23
2025-09-04 21:00:00,2.074991114723919,1.023705502246447,3.153835454690977,28,23
2025-09-04 22:00:00,2.213770590200493,1.1216214005276717,3.24137809701326,28,23
2025-09-04 23:00:00,2.1864278567832476,1.0664591331897286,3.3016756959643696,28,23
2025-09-05 00:00:00,1.9951015528254898,0.8614961403492049,3.0413594901072587,28,23
2025-09-05 01:00:00,1.7753989107982366,0.7264121839988413,2.7705032178064126,28,23
2025-09-05 02:00:00,1.6819014188563064,0.6362478038966235,2.7722651776161533,28,23
2025-09-05 03:00:00,1.757064158721519,0.7290204273001464,2.867918137794855,28,23
2025-09-05 04:00:00,1.903236802429173,0.8182785290429369,2.927884910680466,28,23
2025-09-05 05:00:00,1.9800769057530907,0.9516561597217055,2.9801872938642413,28,23
2025-09-05 06:00:00,1.932596623955849,0.9023312901180495,2.9902091224746163,28,23
2025-09-05 07:00:00,1.8306587891130055,0.7500409719639458,2.8559733876471167,28,23
2025-09-05 08:00:00,1.7899073968403993,0.6210908821310797,2.834057272841029,28,23
2025-09-05 09:00:00,1.8576546634756397,0.8663013735553683,2.89969364823621,28,23
2025-09-05 10:00:00,1.9748895428007378,0.9091388497574102,3.051000011788607,28,23
2025-09-05 11:00:00,2.044280545918245,0.9491937872209587,3.1226252336068487,28,23
2025-09-05 12:00:00,2.0282754336136843,0.9641575846034335,3.061006786271022,28,23
2025-09-05 13:00:00,1.9767605811168516,0.9023954991123483,3.0278512117359444,28,23
2025-09-05 14:00:00,1.9614900032013671,0.8889103195816768,3.0759071061540424,28,23
2025-09-05 15:00:00,1.9923088444087982,0.933949247497562,2.957146240497388,28,23
2025-09-05 16:00:00,2.0072598305780978,0.9850621492298166,3.0265291261427287,28,23
2025-09-05 17:00:00,1.9483192484434264,0.8864028487253257,2.996693845771814,28,23
2025-09-05 18:00:00,1.8407549937670638,0.7809285534092539,2.929800422883316,28,23
2025-09-05 19:00:00,1.7854762939826183,0.6973593988050839,2.777081507551848,28,23
2025-09-05 20:00:00,1.8619874993569392,0.8132584069080904,2.923148251299192,28,23
2025-09-05 21:00:00,2.035984742857893,0.9928060881614016,2.9942668952757616,28,23
2025-09-05 22:00:00,2.1700067253173367,1.1136634781558203,3.259024647656368,28,23
2025-09-05 23:00:00,2.138461952331218,1.0223251652132113,3.1826344413326235,28,23
2025-09-06 00:00:00,1.9435159460209226,0.8481128870965501,2.932445870985654,28,23
2025-09-06 01:00:00,1.7207974797090335,0.7193816336462796,2.813198632183739,28,23
2025-09-06 02:00:00,1.6249040499926775,0.617748614980716,2.671283652709723,28,23
2025-09-06 03:00:00,1.6983010804320604,0.6151366797801512,2.7299506362887684,28,23
2025-09-06 04:00:00,1.8433428411832093,0.8627985795756421,2.8137431828717645,28,23
2025-09-06 05:00:00,1.9196857227678683,0.954762307773988,3.1051719652960337,28,23
2025-09-06 06:00:00,1.872334989966411,0.7793867991007905,2.935523400481759,28,23
2025-09-06 07:00:00,1.7711409545145131,0.8106791476653123,2.7456372899671595,28,23
2025-09-06 08:00:00,1.7317296132242344,0.6926147527856813,2.8000054638613117,28,23
2025-09-06 09:00:00,1.801389910867376,0.7344230496158496,2.8368452905795194,28,23
2025-09-06 10:00:00,1.9210825144513388,0.8858331830779371,2.946284173407069,28,23
2025-09-06 11:00:00,1.9934429396994875,0.9547028247566949,3.070612036637889,28,23
2025-09-06 12:00:00,1.9808815954026322,0.973156959326308,2.959498909035279,28,23
2025-09-06 13:00:00,1.933243541743213,1.0003616546526324,3.0345734134848192,28,23
2025-09-06 14:00:00,1.922237946041124,0.8481702159501779,2.992613921054639,28,23
2025-09-06 15:00:00,1.9576620359026013,0.8091947211470094,2.9056535732287907,28,23
2025-09-06 16:00:00,1.9775080408070185,0.9141636914100109,2.9431385999710367,28,23
2025-09-06 17:00:00,1.9236996834975681,0.9076952289912164,2.9137569862440142,28,23
2025-08-31 13:00:00,2.036894484398791,0.9574886872811037,3.1515373169550065,39,194
2025-08-31 14:00:00,2.139478942323804,1.0064024780307161,3.276859365945641,39,194
2025-08-31 15:00:00,2.152883392428904,1.065039432234566,3.2140971883594376,39,194
2025-08-31 16:00:00,2.0789646272874647,1.0914156366068857,3.1966810055093005,39,194
2025-08-31 17:00:00,1.972046082419983,0.9303272006531289,3.0808925128998643,39,194
2025-08-31 18:00:00,1.8916945327344084,0.7951215834288919,3.02506171406224,39,194
2025-08-31 19:00:00,1.863215051138033,0.8417314802778689,2.9832532086261727,39,194
2025-08-31 20:00:00,1.8755047857556044,0.7836394981627215,2.9109582864406245,39,194
2025-08-31 21:00:00,1.9067949405035833,0.8287276394664455,2.977698220941551,39,194
2025-08-31 22:00:00,1.9455215526391083,0.8516905764832553,3.0359268410216216,39,194
2025-08-31 23:00:00,1.986829299977623,0.881443575438083,2.9765644236926443,39,194
2025-09-01 00:00:00,2.0170619553040874,0.9267293209601691,3.072420837357865,39,194
2025-09-01 01:00:00,2.0130276029400793,0.8470305163763787,3.147541445398646,39,194
2025-09-01 02:00:00,1.96418088629366,0.870839668525465,3.0177719313172826,39,194
2025-09-01 03:00:00,1.8951440286063077,0.8329818951405995,3.0199658750830154,39,194
2025-09-01 04:00:00,1.85845758635991,0.7973335521831847,3.0338542424730295,39,194
2025-09-01 05:00:00,1.8947162584435768,0.8516202746182284,2.9761700631387282,39,194
2025-09-01 06:00:00,1.993297531474167,0.8363227590316215,3.072850359584193,39,194
2025-09-01 07:00:00,2.0934412426099986,0.9429330923314305,3.156426402484162,39,194
2025-09-01 08:00:00,2.13157670043903,0.9983588234166474,3.230995087673557,39,194
2025-09-01 09:00:00,2.0965048514670577,0.9269781683306847,3.1894654785815773,39,194
2025-09-01 10:00:00,2.0425143191334683,1.0336031762006248,3.1161276291780906,39,194
2025-09-01 11:00:00,2.0455813814307415,0.94673741436152,3.1426602136687367,39,194
2025-09-01 12:00:00,2.1387324828652665,1.0200675836091504,3.2132771007725585,39,194
2025-09-01 13:00:00,2.282255904627483,1.2119104589528764,3.343328302031325,39,194
2025-09-01 14:00:00,2.3940403827903998,1.318827257902898,3.58246524850929,39,194
2025-09-01 15:00:00,2.412789267150535,1.346882960532738,3.4748934898421777,39,194
2025-09-01 16:00:00,2.3402496751003516,1.233111327904289,3.466926615626245,39,194
2025-09-01 17:00:00,2.2306895271092553,1.1016641633979032,3.3978410953715112,39,194
2025-09-01 18:00:00,2.1436750232300406,1.1063234788214351,3.2345808224548565,39,194
2025-09-01 19:00:00,2.1045656661091416,1.007954199343706,3.134563468780322,39,194
2025-09-01 20:00:00,2.1023673857936642,1.0173734984535923,3.161599869026997,39,194
2025-09-01 21:00:00,2.1154731594168434,1.1153542194933632,3.2300510677547627,39,194
2025-09-01 22:00:00,2.1325317366081236,0.9907789477511302,3.209532408657238,39,194
2025-09-01 23:00:00,2.1489487293997973,1.070734342337586,3.198470150279343,39,194
2025-09-02 00:00:00,2.1513737187495945,0.9794623956178303,3.2906857578674105,39,194
2025-09-02 01:00:00,2.1169615353249642,1.0232803023573256,3.1332846860191537,39,194
2025-09-02 02:00:00,2.035550033514788,0.9668046082779077,3.121099961840748,39,194
2025-09-02 03:00:00,1.9321761580021282,0.8457120740963309,3.0454994665707735,39,194
2025-09-02 04:00:00,1.859821325536962,0.819637498313623,2.9046596434658074,39,194
2025-09-02 05:00:00,1.8595415136676754,0.759172991464777,2.917587429454035,39,194
2025-09-02 06:00:00,1.92118990989644,0.8701795544446789,3.1524128161051217,39,194
2025-09-02 07:00:00,1.9844902793043322,0.9688122570822001,3.0854936072141554,39,194
2025-09-02 08:00:00,1.9863577704081568,0.8323539026849163,3.0982716435793964,39,194
2025-09-02 09:00:00,1.9160747277424375,0.8616739344956633,2.9680210383611367,39,194
2025-09-02 10:00:00,1.8284004195111454,0.6805929426772412,2.88993207540055,39,194
2025-09-02 11:00:00,1.7997648272842997,0.7708442415949969,2.900183221355744,39,194
2025-09-02 12:00:00,1.8636251730148383,0.7009180618445309,2.939566756683928,39,194
2025-09-02 13:00:00,1.9806718842690902,0.859509416414073,3.01817376960018,39,194
2025-09-02 14:00:00,2.069161860907627,0.9678287162029925,3.1028826894816603,39,194
2025-09-02 15:00:00,2.068127704910649,1.0081293340421993,3.179819370695491,39,194
2025-09-02 16:00:00,1.9796024316914858,0.875245363853768,3.0170141623464777,39,194
2025-09-02 17:00:00,1.8580926069724757,0.6600461292906243,2.971291793093481,39,194
2025-09-02 18:00:00,1.7633525196247366,0.6328564025065794,2.9400597499545644,39,194
2025-09-02 19:00:00,1.7208765392632905,0.5639352083338035,2.855728322094421,39,194
2025-09-02 20:00:00,1.7197502492810117,0.6905459272631868,2.7451750066709733,39,194
2025-09-02 21:00:00,1.7383897750893769,0.6131209960509542,2.7746119753611347,39,194
2025-09-02 22:00:00,1.765409936532524,0.631559328770645,2.781375021011774,39,194
2025-09-02 23:00:00,1.7961254920442746,0.6785319195106199,2.8964340599518734,39,194
2025-09-03 00:00:00,1.8170391263996015,0.7166886927525881,2.8025301546412176,39,194
2025-09-03 01:00:00,1.805104330140241,0.713250249115495,2.9009076327721894,39,194
2025-09-03 02:00:00,1.7499054710456887,0.7254289281709095,2.8230613435880194,39,194
2025-09-03 03:00:00,1.6761768295187962,0.6169321287209771,2.760010736892498,39,194
2025-09-03 04:00:00,1.6365515844003695,0.5510441417241668,2.7152554830229754,39,194
2025-09-03 05:00:00,1.6716960969518095,0.5063549744567843,2.7185044869816597,39,194
2025-09-03 06:00:00,1.7710372947432296,0.6055967086664303,2.8448299782972097,39,194
2025-09-03 07:00:00,1.8738412549424652,0.7885717647504632,2.933545259014064,39,194
2025-09-03 08:00:00,1.916539642049313,0.7762328333619677,2.998207012457414,39,194
2025-09-03 09:00:00,1.8879114985335628,0.8713054250284666,2.9852921488205335,39,194
2025-09-03 10:00:00,1.842199222000211,0.7223480260833851,2.933099163206866,39,194
2025-09-03 11:00:00,1.8553087979371172,0.7406409256553458,2.8882658394986462,39,194
2025-09-03 12:00:00,1.9601728824993558,0.839167152925512,3.0606808813925666,39,194
2025-09-03 13:00:00,2.1169633540498385,1.0651091475249221,3.2408950398254244,39,194
2025-09-03 14:00:00,2.243431113895025,1.0863309349327583,3.3619244715775505,39,194
2025-09-03 15:00:00,2.2781217157368845,1.2467214085113991,3.3238987111982654,39,194
2025-09-03 16:00:00,2.222606261433788,1.1787610728935218,3.3021317023627588,39,194
2025-09-03 17:00:00,2.1309604290531996,1.0346246613457009,3.2263328648361127,39,194
2025-09-03 18:00:00,2.0625441691197985,0.9092181549977338,3.124442172851992,39,194
2025-09-03 19:00:00,2.0424991476001155,0.9130699188575476,3.1679508343589213,39,194
2025-09-03 20:00:00,2.0596044618510403,1.0223249092907922,3.182054398482078,39,194
2025-09-03 21:00:00,2.0920199906489723,0.9812831077114258,3.1898738197294954,39,194
2025-09-03 22:00:00,2.128157955771594,1.1480267725394566,3.1783148585876253,39,194
2025-09-03 23:00:00,2.1631869186634938,1.095618565370165,3.2702515817979028,39,194
2025-09-04 00:00:00,2.1835218283702416,1.0466360256016916,3.3087858681932563,39,194
2025-09-04 01:00:00,2.1660882414373015,1.0700999474875177,3.3138730234732767,39,194
2025-09-04 02:00:00,2.100502996009677,1.0421561723736548,3.1560986017453163,39,194
2025-09-04 03:00:00,2.0115931028601746,0.9312811940292424,3.0868558146249643,39,194
2025-09-04 04:00:00,1.9521438402388094,0.952454134498942,3.025188725517151,39,194
2025-09-04 05:00:00,1.9630314096963997,0.868106259642612,3.047458487516726,39,194
2025-09-04 06:00:00,2.033947973508436,0.8742647478184067,3.1088668999122158,39,194
2025-09-04 07:00:00,2.1044772010116173,1.0389302257130963,3.1011377119917967,39,194
2025-09-04 08:00:00,2.111417015187153,1.0316891135380672,3.26956719101004,39,194
2025-09-04 09:00:00,2.0439570826438827,0.8915278210586393,3.1430353261068014,39,194
2025-09-04 10:00:00,1.9567899328718479,0.9858050610591905,3.03165400091033,39,194
2025-09-04 11:00:00,1.926305835114108,0.7978460737325397,2.988787393002565,39,194
2025-09-04 12:00:00,1.985950092709427,0.8371963759389823,3.0169890384098177,39,194
2025-09-04 13:00:00,2.096429444752463,1.007949661072229,3.1965903855200626,39,194
2025-09-04 14:00:00,2.1760454309732147,1.1239904176504474,3.293527567279831,39,194
2025-09-04 15:00:00,2.1639033785163497,1.1541780904418113,3.2719383717974657,39,194
2025-09-04 16:00:00,2.0621365300315557,0.9335261151628649,3.0548171239280566,39,194
2025-09-04 17:00:00,1.9253782625625875,0.8336943521396167,2.9871494566983356,39,194
2025-09-04 18:00:00,1.813535017019844,0.6774403665125731,2.88696455326249,39,194
2025-09-04 19:00:00,1.7522771005266438,0.6953589654660715,2.8336064964516474,39,194
2025-09-04 20:00:00,1.7308879697219843,0.6465054431775511,2.786308188186924,39,194
2025-09-04 21:00:00,1.7280014357984521,0.6247451429709083,2.742353127568515,39,194
2025-09-04 22:00:00,1.732467444689348,0.5206988204827863,2.861569079219719,39,194
2025-09-04 23:00:00,1.739850727517553,0.5740020071263526,2.8053281768782368,39,194
2025-09-05 00:00:00,1.7369160035888433,0.6873515302097017,2.88460873252441,39,194
2025-09-05 01:00:00,1.7008879167168685,0.6044930008722864,2.7968088172511334,39,194
2025-09-05 02:00:00,1.62162804003348,0.5700314136011684,2.641299146930889,39,194
2025-09-05 03:00:00,1.5241507576196498,0.4870959800147253,2.5758293730848436,39,194
2025-09-05 04:00:00,1.4613690469583218,0.3539531681488254,2.6163175724115884,39,194
2025-09-05 05:00:00,1.4742255481723308,0.36970522866778127,2.4894107587011485,39,194
2025-09-05 06:00:00,1.5524167602246048,0.4870136147225024,2.619196958762844,39,194
2025-09-05 07:00:00,1.6354685018797017,0.5570280714144465,2.8282348431325675,39,194
2025-09-05 08:00:00,1.6600593297973272,0.6786600188817228,2.7849627743197223,39,194
2025-09-05 09:00:00,1.6151994485902474,0.5258663121305077,2.6695668586089405,39,194
2025-09-05 10:00:00,1.5553439811715295,0.5134589190970421,2.675357715245204,39,194
2025-09-05 11:00:00,1.5565907009829336,0.45414604478834647,2.652692472785463,39,194
2025-09-05 12:00:00,1.6520408507999877,0.5300946499285638,2.7088358841913753,39,194
2025-09-05 13:00:00,1.8020096940371912,0.6959963075006447,2.8761879067611016,39,194
2025-09-05 14:00:00,1.924364603333502,0.8765248441605036,3.0103309115959536,39,194
2025-09-05 15:00:00,1.9577392865038636,0.8574782786066523,2.963817388975279,39,194
2025-09-05 16:00:00,1.903763604412568,0.8466306173392626,2.9633622764160843,39,194
2025-09-05 17:00:00,1.8165418599518117,0.6991624889113901,2.9155547561828756,39,194
2025-09-05 18:00:00,1.755432102843019,0.7084411962574834,2.998648169245355,39,194
2025-09-05 19:00:00,1.7455435336759089,0.6600221665740457,2.824315833187183,39,194
2025-09-05 20:00:00,1.7755925338379206,0.6802489833913035,2.80528191272734,39,194
2025-09-05 21:00:00,1.8236466787794967,0.6782391096226228,2.939667666399012,39,194
2025-09-05 22:00:00,1.8779973040069355,0.7437378956074058,2.9353095896687815,39,194
2025-09-05 23:00:00,1.933664835406635,0.8317726927914497,3.06272970080824,39,194
2025-09-06 00:00:00,1.97689048382573,0.8996033929196556,2.999011941095721,39,194
2025-09-06 01:00:00,1.984402404956012,0.8499681016769121,3.0542612546105823,39,194
2025-09-06 02:00:00,1.9455985832846887,0.7554659873085083,3.023835511291683,39,194
2025-09-06 03:00:00,1.885068176317167,0.8039283762338298,2.9578883870306067,39,194
2025-09-06 04:00:00,1.8553422763947258,0.7926561286029511,2.968935240406188,39,194
2025-09-06 05:00:00,1.897029415306291,0.7804109113918305,2.957466699372722,39,194
2025-09-06 06:00:00,1.9995435980052256,0.8939263083138701,3.0721664471051833,39,194
2025-09-06 07:00:00,2.1021829569700343,1.0353906898981353,3.2264946101669785,39,194
2025-09-06 08:00:00,2.1414556811393455,1.0568849495712653,3.228377387978458,39,194
2025-09-06 09:00:00,2.1062607247168232,1.085464328740914,3.2116972234270693,39,194
2025-09-06 10:00:00,2.051002143241131,0.9604834026114035,3.11280563047652,39,194
2025-09-06 11:00:00,2.0517871468710833,0.9638750807785628,3.154974608737501,39,194
2025-09-06 12:00:00,2.141786493316842,1.081435794764052,3.3071338944478743,39,194
2025-09-06 13:00:00,2.281443873211521,1.1721137504625319,3.355916585535876,39,194
2025-09-06 14:00:00,2.3888121090383914,1.2444292518908835,3.4194769444142703,39,194
2025-09-06 15:00:00,2.4027647926965026,1.2499883928260909,3.478028924349491,39,194
2025-09-06 16:00:00,2.3252228504923087,1.3059787204943152,3.393358872416596,39,194
2025-09-06 17:00:00,2.2106289565666657,1.1494283551628,3.3368028943416483,39,194
2025-09-06 18:00:00,2.118722389552471,0.9615538955751425,3.1726465233352776,39,194
2025-09-06 19:00:00,2.0750314727574466,0.9978892882837818,3.188989338706085,39,194
2025-09-06 20:00:00,2.068724187926006,0.9449409496043011,3.1657961270167205,39,194
2025-09-06 21:00:00,2.0783463887345177,0.9325328226254751,3.0762833845349147,39,194
2025-09-06 22:00:00,2.0926882572103644,0.9642856306869059,3.198226609184409,39,194
2025-09-06 23:00:00,2.107283291821065,0.9647924725802602,3.2155121111382843,39,194
2025-09-07 00:00:00,2.1088935073538155,1.0894012308253351,3.1158717990470364,39,194
2025-09-07 01:00:00,2.0747690295612258,1.0658574788447728,3.1622254455927763,39,194
2025-09-07 02:00:00,1.994824425872301,0.8842432967178033,3.139395010960696,39,194
2025-09-07 03:00:00,1.8941535908528735,0.7549057831240844,3.008358747423127,39,194
2025-09-07 04:00:00,1.8257742246155262,0.7982606071362599,2.894442807417826,39,194
2025-09-07 05:00:00,1.8307573081522175,0.7416277419073495,2.9420229982108053,39,194
2025-09-07 06:00:00,1.8989494371984377,0.7964599050083597,2.9926567542005658,39,194
2025-09-07 07:00:00,1.9700461771955369,0.8867161817228633,3.0843223833305706,39,194
2025-09-07 08:00:00,1.9809131592109397,0.8742847484980901,3.047053796370533,39,194
2025-09-07 09:00:00,1.9207624819915954,0.8911314951907356,3.0174528379156356,39,194
2025-09-07 10:00:00,1.844263320666109,0.7870723278599447,2.909470824871288,39,194
2025-09-07 11:00:00,1.8277368778601437,0.8534674442352779,2.926973491655277,39,194
2025-09-07 12:00:00,1.9045143373141924,0.7797925382626791,2.961230247874411,39,194
